,column,nulls,nulls_pct
0,createdat,0,0.0
1,displayname,0,0.0
2,fullname,0,0.0
3,lxstate,0,0.0
4,nafields,0,0.0
5,name,0,0.0
6,permittedreadacl,0,0.0
7,permittedwriteacl,0,0.0
8,status,0,0.0
9,type,0,0.0
10,id,0,0.0
11,applicationtype,0,0.0
12,availability,0,0.0
13,classification,0,0.0
14,confidentiality,0,0.0
15,dataclassification,0,0.0
16,hostingtype,0,0.0
17,integrity,0,0.0
18,location,0,0.0
19,provider,0,0.0
20,rtobusinesshoursnew,0,0.0
21,rtooutsidebusinesshours,0,0.0
22,sso,0,0.0
23,ssoprovider,0,0.0
24,urltocsa,0,0.0
25,updatedat,456,0.7792873622148166
26,lxexcludefromquota,999,1.707254550115355
27,lxmilestones,999,1.707254550115355
28,rev,4230,7.228915662650602
29,description,8020,13.705887379304452
30,tags,26852,45.88908826796548
31,servicenowexternalid,34694,59.29078014184397
32,externalid,37172,63.52559172861659
33,lifecycle,43005,73.49397590361446
34,asofdate,45181,77.21268050927112
35,collectionstatus,45181,77.21268050927112
36,siid,45181,77.21268050927112
37,productcategory,45182,77.21438947278476
38,webpageurl,45182,77.21438947278476
39,deprecated,45184,77.21780739981202
40,aucountsoflinks,45272,77.36819618901136
41,cacountsoflinks,45272,77.36819618901136
42,chcountsoflinks,45272,77.36819618901136
43,decountsoflinks,45272,77.36819618901136
44,eucountsoflinks,45272,77.36819618901136
45,hocountsoflinks,45272,77.36819618901136
46,totalcountsoflinksoncustomer,45272,77.36819618901136
47,uscountsoflinks,45272,77.36819618901136
48,aecountsoflinks,45275,77.37332307955225
49,brcountsoflinks,45275,77.37332307955225
50,ukcountsoflinks,45275,77.37332307955225
51,domain,45822,78.3081261215073
52,pricingtype,45892,78.42775356746134
53,privacypolicyurl,48464,82.82320772451509
54,loginurl,48521,82.92061864479193
55,category,48726,83.27095616508588
56,termsofserviceurl,49332,84.30658805434504
57,lxhostingtype,49796,85.09954712466889
58,securitypageurl,49968,85.39348884901308
59,gdprurl,50882,86.95548150046997
60,pricingurl,50950,87.07169101939674
61,complianceurl,51555,88.10561394514227
62,alias,52497,89.71545757498077
63,qualityseal,52588,89.87097325472101
64,statussso,52803,90.23840041015124
65,ssourl,52845,90.31017687772366
66,apiurl,53429,91.30821156968298
67,hostingurl,53694,91.76108690079467
68,hostingdescription,53711,91.79013928052636
69,businesscriticality,54154,92.54721011706401
70,lxstatussso,54300,92.79671879005383
71,technicalsuitability,54461,93.0718619157481
72,collectioncomment,54509,93.15389216440228
73,functionalsuitability,54711,93.49910279415535
74,statuspageurl,55038,94.05793386311203
75,leanixv3idapplication,55206,94.34503973340169
76,owner_dvs,55341,94.5757498077416
77,archivedresourcewithserviceinstances,55353,94.59625736990516
78,resourcewithserviceinstances,55355,94.5996752969324
79,owner_dvs_string,55360,94.60822011450055
80,src_link,55368,94.62189182260958
81,swisscomresourceid,55368,94.62189182260958
82,modelverifiedresource,55368,94.62189182260958
83,owner_bu,55371,94.62701871315048
84,atklayer,55418,94.70733999829105
85,applicationresponsiblearchitect,55440,94.74493719559088
86,applicationresponsiblearchitectaccount,55440,94.74493719559088
87,approvedat,55487,94.82525848073143
88,awsmigrationstatus,55643,95.09185678885756
89,linktosophia,55739,95.25591728616594
90,phaseinyearplanned,55754,95.28155173887038
91,linktodaedalus,55756,95.28496966589763
92,lxtimeclassification,55771,95.31060411860207
93,phaseincomment,55781,95.32769375373836
94,bmc_relevant,55785,95.33452960779287
95,impactonbcm,55785,95.33452960779287
96,g_apg_assessment_status_text,55799,95.35845509698368
97,g_aws_assessment_status_text,55799,95.35845509698368
98,g_pbd_assessment_status_text,55799,95.35845509698368
99,g_sbd_assessment_status_text,55799,95.35845509698368
100,g_sbd_secfx_assessment_status_text,55799,95.35845509698368
101,resourcephaseout_achieved_set,55852,95.44903016320602
102,resourcephaseout_candidate_set,55852,95.44903016320602
103,resourcephaseout_started_set,55852,95.44903016320602
104,resource_archiving_possible,55852,95.44903016320602
105,uservalidationprca,56246,96.12236178757584
106,signavioglossaryitemid,56315,96.24028027001623
107,lxhostingdescription,56503,96.56156541057848
108,lxproductcategory,56596,96.72049901734599
109,g_sbd_assessment_status,56670,96.84696231735452
110,targetarchitecture,56698,96.89481329573614
111,lxcatalogstatus,56709,96.91361189438605
112,lxsiid,56813,97.09134409980346
113,sytemof,56831,97.1221054430488
114,g_pbd_assessmentid,56838,97.13406818764419
115,g_pbd_noncomplianceinpercent,56839,97.13577715115782
116,g_pbd_assessment_status,56842,97.1409040416987
117,applicationcategory,56937,97.30325557549347
118,objectid,56937,97.30325557549347
119,cid,57015,97.43655472955652
120,migrationid,57042,97.4826967444245
121,g_sbd_secfx_assessmentid,57051,97.49807741604717
122,g_sbd_secfx_noncomplianceinpercent,57052,97.49978637956079
123,lxssoprovider,57137,97.64504827821926
124,lxsixrclassification,57163,97.68948132957361
125,g_pbd_lastupdate,57213,97.77492950525506
126,g_pbd_deeplink,57265,97.86379560796377
127,g_pbd_lastupdateby,57265,97.86379560796377
128,mfa,57415,98.12014013500811
129,cid_capex_accounting,57466,98.2072972742032
130,g_sbd_secfx_deeplink,57480,98.231222763394
131,g_sbd_secfx_lastupdate,57480,98.231222763394
132,g_sbd_secfx_lastupdateby,57480,98.231222763394
133,lxsixrtimepriority,57494,98.25514825258482
134,lxsixrriskclassification,57514,98.28932752285738
135,erreichbarkeit,57520,98.29958130393916
136,strategischcoop,57521,98.30129026745279
137,adintegration,57526,98.30983508502094
138,rechnungslegung,57535,98.32521575664359
139,namesurvey,57542,98.337178501239
140,bcm,57583,98.4072460052978
141,confidentialityapplication,57608,98.44997009313852
142,applicationid,57630,98.48756729043835
143,nonrepudiation,57642,98.50807485260191
144,businesscriticalitydescription,57682,98.57643339314706
145,technicalsuitabilitydescription,57721,98.64308297017858
146,internalidanw,57740,98.67555327693753
147,rpo,57758,98.70631462018285
148,sgkbxappxfxoperationstatus,57763,98.714859437751
149,g_sbd_assessmentid,57783,98.74903870802359
150,g_sbd_noncomplianceinpercent,57784,98.75074767153721
151,sgkbxappxfxpcidssxcarddataprocessing,57799,98.77638212424165
152,sgkbxappxfxusagetype,57815,98.80372554045971
153,phaseoutyearplanned,57820,98.81227035802786
154,sgkbxappxfxpersondatacategory,57821,98.8139793215415
155,sgkbxappxfxiammodel,57824,98.81910621208237
156,technicalcategory,57826,98.82252413910963
157,businesscriticalityapplicationtype,57839,98.84474066478681
158,sgkbxappxfxhostingtype,57840,98.84644962830043
159,sgkbxappxfxmfaaccess,57847,98.85841237289584
160,release,57847,98.85841237289584
161,sgkbxappxfxremotemaint,57852,98.86695719046399
162,lxcatalogid,57852,98.86695719046399
163,sgkbxappxfxapplicationfocus,57853,98.86866615397761
164,sgkbxappxfxemergencyuser,57856,98.8737930445185
165,costs,57858,98.87721097154576
166,g_sbd_lastupdate,57858,98.87721097154576
167,sgkbxappxfxcid,57866,98.8908826796548
168,sgkbxappxfxvulnerabiltymngt,57867,98.89259164316842
169,sgkbxappxfxbalancesheetimpact,57869,98.89600957019567
170,sgkbxappxfxexposure,57874,98.90455438776382
171,sgkbxappxfxanonymtestdata,57880,98.9148081688456
172,sgkbxappxfxinfoclassification,57883,98.91993505938648
173,sgkbxappxfxprotectlevel,57883,98.91993505938648
174,phaseoutstart,57885,98.92335298641373
175,sgkbxappxfxintegrity,57885,98.92335298641373
176,sgkbxappxfxlogaccess,57885,98.92335298641373
177,sgkbxappxfxcyberrisk,57890,98.93189780398188
178,sgkbxappxfxlogappl,57890,98.93189780398188
179,sgkbxappxfxswtype,57891,98.93360676749552
180,sgkbxappxfxcidrisk,57898,98.94556951209091
181,sgkbxappxfxsecurityresponsible,57905,98.95753225668632
182,sgkbxappxfxexports,57909,98.96436811074084
183,g_aws_assessmentid,57910,98.96607707425447
184,g_aws_noncomplianceinpercent,57911,98.9677860377681
185,sgkbxappxfxencrypttrans,57916,98.97633085533624
186,sgkbxappxfxgdprdeleteclass,57917,98.97803981884988
187,sgkbxappxfxpersontype,57917,98.97803981884988
188,functionalsuitabilitydescription,57920,98.98316670939076
189,sgkbxappxfxreporting,57924,98.99000256344527
190,sgkbxappxfxarchiving,57925,98.99171152695891
191,phaseoutdone,57926,98.99342049047253
192,sgkbxappxfxisecxschubxdatprc,57928,98.99683841749979
193,sgkbxappxfxisecxschubxhostingtype,57928,98.99683841749979
194,itsmresponsible,57929,98.99854738101341
195,itsmdescriptionlong,57930,99.00025634452705
196,sgkbxappxfxisecxschubxexponiertheit,57930,99.00025634452705
197,sgkbxappxfxisecxschubxgeheimhaltung,57930,99.00025634452705
198,sgkbxappxfxisecxschubxintegritaet,57930,99.00025634452705
199,sgkbxappxfxisecxschubxswtype,57930,99.00025634452705
200,sgkbxappxfxdevicetype,57931,99.00196530804067
201,sgkbxappxfxisecxschubxpersondata,57931,99.00196530804067
202,sgkbxappxfxisecxschubxprotectlevel,57931,99.00196530804067
203,sgkbxappxfxisecxschubxverfuegbarkeit,57931,99.00196530804067
204,sgkbxappxfxbcmreqlevel,57932,99.0036742715543
205,sgkbxappxfxisecxschubxpersondataxpid,57934,99.00709219858156
206,sgkbxappxfxusertype,57946,99.0275997607451
207,sgkbxappxfxescrow,57948,99.03101768777238
208,lukbxfxrespprocess,57949,99.032726651286
209,lukbxfxrespsyshead,57951,99.03614457831326
210,lukbxfxrespsysmanager,57951,99.03614457831326
211,itsmpersonaldata,57955,99.04298043236777
212,itsmname,57956,99.0446893958814
213,lukbxfxrespbusinesscontact,57956,99.0446893958814
214,lukbxfxisinternetfacing,57956,99.0446893958814
215,itsmstatus,57957,99.04639835939503
216,g_pbd_openmeasures,57959,99.04981628642228
217,itsmdescription,57971,99.07032384858583
218,lxaiusage,57973,99.07374177561309
219,lukbxfxoimapplicationmasteruid,57982,99.08912244723575
220,lukbxfxoimoldsystemmasternumber,57982,99.08912244723575
221,lukbxfxrto,57983,99.09083141074937
222,sgkbxappxfxencryptdata,57988,99.09937622831752
223,itsmurl,57990,99.10279415534478
224,lukbxfxissavingdatawithinapplication,57993,99.10792104588567
225,authenticationtype1,57995,99.11133897291293
226,sgkbxappxfxpcidssxrelevance,57997,99.11475689994018
227,sgkbxappxfxpcidssxcompliance,57999,99.11817482696745
228,lukbxfxdatadeletionmeasure,58011,99.13868238913099
229,sgkbxappxfxhostingprovider,58011,99.13868238913099
230,authenticationtype2,58017,99.14893617021276
231,sgkbxappxfxhostingprovidercontactinfo,58019,99.15235409724002
232,applicationtype1,58023,99.15918995129454
233,sgkbxappxfxswproducer,58024,99.16089891480817
234,dsk,58028,99.16773476886269
235,sgkbxappxfxlegacynamextmp,58036,99.18140647697172
236,hostingnb,58043,99.19336922156712
237,internaldev,58043,99.19336922156712
238,lifecycleeol,58043,99.19336922156712
239,migrationtocloud,58045,99.19678714859438
240,sgkbxappxfxbcmrtoactual,58046,99.198496112108
241,hersteller,58047,99.20020507562164
242,whitelist_applications,58051,99.20704092967615
243,onetrust,58053,99.21045885670341
244,supportbyitao,58053,99.21045885670341
245,g_sbd_openmeasures,58054,99.21216782021703
246,lxtimeclassificationdescription,58055,99.21387678373067
247,sgkbxappxfxhousekeeping,58060,99.22242160129882
248,genai_approved,58061,99.22413056481244
249,sgkbxappxfxbcmxretentionxdatabackup,58064,99.22925745535332
250,innenauftrag,58072,99.24292916346235
251,g_apg_assessmentid,58075,99.24805605400324
252,g_apg_noncomplianceinpercent,58076,99.24976501751688
253,sgkbxappxfxdatahistorisation,58082,99.26001879859865
254,sgkbxappxfxbcmtestcycle,58092,99.27710843373494
255,highavailability,58094,99.2805263607622
256,dravailable,58095,99.28223532427583
257,regulated,58096,99.28394428778947
258,container1,58100,99.29078014184397
259,eigenentwicklung,58105,99.29932495941212
260,sgkbxappxfxpcidssxdatapurpose,58105,99.29932495941212
261,sgkbxappxfxdatadeletion,58111,99.30957874049389
262,phaseoutcomment,58117,99.31983252157566
263,gdpr_pii,58119,99.32325044860292
264,rto,58121,99.32666837563018
265,euro2024criticality,58123,99.33008630265743
266,scuritylevel,58123,99.33008630265743
267,integritylevel,58124,99.33179526617107
268,sgkbxappxfxiamidpsystemsxtmp,58127,99.33692215671195
269,availabilitylevel,58127,99.33692215671195
270,financialimpact,58135,99.350593864821
271,operationalimpact,58136,99.35230282833462
272,regulatorylegalimpact,58136,99.35230282833462
273,reputationalimpact,58136,99.35230282833462
274,masscidexport,58141,99.36084764590277
275,pcidss,58142,99.36255660941639
276,sgkbxappxfxdatadeletionlock,58144,99.36597453644364
277,sgkbxappxfxdatadeletionxsinglerequest,58148,99.37281039049817
278,mastersourceholding,58149,99.3745193540118
279,alternativerecoverysource,58150,99.37622831752542
280,sgkbxappxfxdatadeletiontype,58154,99.38306417157993
281,environments,58155,99.38477313509357
282,logging,58155,99.38477313509357
283,userrightsmanagement,58161,99.39502691617534
284,sgkbxappxfxdatadeletioninterval,58163,99.3984448432026
285,licensescosts,58166,99.40357173374349
286,initdevcosts,58167,99.40528069725711
287,maintenancecosts,58167,99.40528069725711
288,newdevcosts,58167,99.40528069725711
289,ipownership,58169,99.40869862428437
290,phaseoutresponsible,58171,99.41211655131163
291,sgkbxappxfxdatadeletionxretentiontime,58172,99.41382551482526
292,sgkbxappxfxdatadeletionxtrigger,58176,99.42066136887976
293,awslinkinsight,58180,99.42749722293429
294,multifactorauth,58181,99.42920618644791
295,valuestream,58191,99.4462958215842
296,ssoimplementation,58195,99.45313167563873
297,usagefrequency,58200,99.46167649320688
298,g_sbd_deeplink,58209,99.47705716482953
299,g_sbd_lastupdateby,58209,99.47705716482953
300,sapeareferenceid,58212,99.48218405537041
301,sgkbxappxfxdatadeletionremark,58212,99.48218405537041
302,e360aiusageconditions,58215,99.4873109459113
303,substream,58221,99.49756472699308
304,supportgroup,58226,99.50610954456123
305,awstargetregion,58227,99.50781850807485
306,awsmigrationwave,58230,99.51294539861574
307,lxsixrclassificationdescription,58232,99.516363325643
308,itsmresponsiblegroup,58237,99.52490814321115
309,citowned,58237,99.52490814321115
310,e360aisecuritycheck,58238,99.52661710672477
311,sgkbxappxfxhousekeepingtype,58239,99.5283260702384
312,itsmhostingprovider,58240,99.53003503375203
313,sgkbxappxfxdataexchangeplatform,58245,99.53857985132018
314,lifecycle_archived,58259,99.56250534051098
315,anwendungstyp,58264,99.57105015807912
316,sgkbxappxgeneralxxhosterxinventoryinfoxinfostring,58265,99.57275912159275
317,sgkbxappxfxcurrentreleasextmp,58266,99.57446808510639
318,sgkbxappxgeneralxxhosterxserverinfoxnames,58266,99.57446808510639
319,rtobusinesshours,58270,99.5813039391609
320,workflow,58277,99.5932666837563
321,lxstatusssosmp,58290,99.61548320943348
322,information,58291,99.61719217294711
323,itsmcontractpartner,58295,99.62402802700161
324,endusernumbers,58297,99.62744595402889
325,sgkbxappxfxdeploymentxtmp,58301,99.6342818080834
326,logfourshellremediationstatus,58316,99.65991626078782
327,logfourshellstatusasofdate,58316,99.65991626078782
328,sgkbxappxfxvaluemovetransactions,58323,99.67187900538323
329,logfourshellurls,58328,99.68042382295138
330,sla,58329,99.682132786465
331,logfourshelladditionalinformation,58334,99.69067760403316
332,g_aws_lastupdate,58340,99.70093138511493
333,sgkbxappxfxbcmxremarks,58340,99.70093138511493
334,aws_note,58341,99.70264034862856
335,g_aws_deeplink,58341,99.70264034862856
336,g_aws_lastupdateby,58341,99.70264034862856
337,sgkbxappxdeploymentxlandscapextype,58343,99.70605827565582
338,cloudreadiness,58343,99.70605827565582
339,techcomplexity,58345,99.70947620268306
340,developmentfrequency,58348,99.71460309322396
341,vendor,58348,99.71460309322396
342,csarequired,58349,99.71631205673759
343,businesscriticality_shs,58350,99.71802102025121
344,persinfoisprocessed,58350,99.71802102025121
345,entscheidsecuritygo,58351,99.71972998376485
346,bewilligungspflichtigecloudloesung,58353,99.72314791079211
347,applicationcomplexity,58354,99.72485687430573
348,awsdevstartdate,58360,99.7351106553875
349,tech_description,58360,99.7351106553875
350,sgkbxappxfxaiusage,58361,99.73681961890114
351,inscope,58361,99.73681961890114
352,applikationstyp,58362,99.73852858241476
353,softwarehealth,58363,99.7402375459284
354,prozessowner,58364,99.74194650944203
355,financialclassificationoption,58367,99.74707339998291
356,budget2025,58369,99.75049132701017
357,authentifizierung,58370,99.7522002905238
358,personenbezogenedaten,58372,99.75561821755106
359,erptransformation,58374,99.75903614457832
360,budget2024,58377,99.7641630351192
361,documentationlink,58377,99.7641630351192
362,geschaeftskritikalitaetdetails,58378,99.76587199863283
363,highestdataclassification,58380,99.76928992566009
364,sladetails,58380,99.76928992566009
365,slahosting,58380,99.76928992566009
366,awsprodstartdate,58382,99.77270785268735
367,awsprodcutoverdate,58383,99.77441681620097
368,futureplan,58383,99.77441681620097
369,lxaipotential,58383,99.77441681620097
370,sgkbxappxinternationalxsupport,58384,99.7761257797146
371,slasupportservicepartner,58385,99.77783474322823
372,sgkbxappxfxpersondataxamountxpersons,58386,99.77954370674186
373,controlauthority,58387,99.7812526702555
374,sgkbxappxfxhousekeepingxinterval,58387,99.7812526702555
375,qualicheck_ao,58388,99.78296163376912
376,sgkbxappxfxpersondataxamountxdatasets,58388,99.78296163376912
377,archivwuerdig,58390,99.78637956079638
378,sgkbxappxinternationalxlanguages,58393,99.79150645133727
379,datacategoryfinma,58393,99.79150645133727
380,dataclassificationfinma,58393,99.79150645133727
381,persinfostoragelocation,58393,99.79150645133727
382,processcategoryfinma,58393,99.79150645133727
383,sgkbxappxfxbcmrpoactual,58394,99.79321541485089
384,appurl,58396,99.79663334187815
385,sgkbxappxfxbcmrtotarget,58396,99.79663334187815
386,sgkbxappxfxgrcschutzobjekt,58396,99.79663334187815
387,securitycontact,58397,99.79834230539178
388,anzahlusernew,58399,99.80176023241903
389,strategischebewertung,58402,99.80688712295992
390,eserviceyn,58402,99.80688712295992
391,functionalfitavarage_bc,58405,99.81201401350081
392,numberusers,58405,99.81201401350081
393,qualitygatepassed,58405,99.81201401350081
394,gxprelevance,58406,99.81372297701444
395,advstatus,58407,99.81543194052807
396,loesungansatz,58408,99.81714090404171
397,strategyrecommendation,58409,99.81884986755533
398,beschreibung_appzugriff,58410,99.82055883106896
399,geschaeftsrelevanz,58412,99.82397675809621
400,maximuntolerabledowntime,58412,99.82397675809621
401,lxssoprovidersmp,58412,99.82397675809621
402,changes,58413,99.82568572160984
403,maintenance,58413,99.82568572160984
404,support,58413,99.82568572160984
405,rrpo,58414,99.82739468512347
406,rrto,58414,99.82739468512347
407,first_level_support,58418,99.834230539178
408,hostingprovider,58418,99.834230539178
409,sgkbxappxfxbcmrpotarget,58418,99.834230539178
410,serviceowner,58418,99.834230539178
411,scope_energy,58418,99.834230539178
412,sourcingmodel,58420,99.83764846620524
413,service_requests,58421,99.83935742971887
414,sgkbxappxkritklassxopriskxwichtigkeit,58424,99.84448432025977
415,sgkbxappxfxpcidssxremark,58425,99.84619328377339
416,sgkbxappxkritklassxopriskxkritikalitaet,58425,99.84619328377339
417,scope_wat_ind,58425,99.84619328377339
418,lxairisk,58428,99.85132017431427
419,envdeployment,58429,99.8530291378279
420,sgkbxappxfxanontestdataxsystems,58430,99.85473810134154
421,locationnew,58431,99.85644706485517
422,hardsavings,58432,99.8581560283688
423,sgkbxappxkritklassxopriskxkritikalitaetxfinma,58433,99.85986499188242
424,softsavings,58433,99.85986499188242
425,gxpsystem,58434,99.86157395539605
426,scope_chemtech,58434,99.86157395539605
427,eserviceresource,58436,99.86499188242331
428,paketierungsbereitstellung,58437,99.86670084593695
429,lxcosttco,58438,99.86840980945057
430,resiliencestatus,58439,99.8701187729642
431,gamp5,58440,99.87182773647783
432,supportservicepartner,58442,99.87524566350508
433,scope_services,58442,99.87524566350508
434,lukbxvxopriskcriticalprocess,58443,99.8769546270187
435,sgkbxappxsectionxxopinfoxxappcomplexity,58443,99.8769546270187
436,sgkbxappxsectionxxopinfoxxopcapability,58445,99.88037255404598
437,appexposure,58446,99.8820815175596
438,comments,58446,99.8820815175596
439,sgkbxappxfxhousekeepingremark,58446,99.8820815175596
440,statuscloudbewilligung,58447,99.88379048107323
441,cyberark,58448,99.88549944458686
442,tenancy,58448,99.88549944458686
443,persinfodata,58448,99.88549944458686
444,persinfogdpr,58448,99.88549944458686
445,kontakte,58449,99.88720840810049
446,licensecost,58449,99.88720840810049
447,lxtransformationstatus,58449,99.88720840810049
448,sgkbxappxfxpcidssxcardidxpanusagereason,58450,99.88891737161411
449,persinfoextdisclosure,58450,99.88891737161411
450,sgkbxappxsectionxxopinfoxxnumuser,58451,99.89062633512773
451,sgkbxappxfxpcidssxcarddataprocessingxremark,58452,99.89233529864137
452,coopworkflowid,58454,99.89575322566863
453,sgkbxappxgeneralxxhosterxwinpackageinventoryinfo,58455,99.89746218918226
454,persinfopurpose,58456,99.89917115269589
455,po_progressstatus,58457,99.90088011620952
456,sot,58458,99.90258907972314
457,sgkbxappxfxbcmlasttestdate,58459,99.90429804323678
458,sgkbxappxslaxsupporthours,58459,99.90429804323678
459,datemigration,58460,99.90600700675041
460,qualicheck_so,58461,99.90771597026404
461,managingorganization,58462,99.90942493377767
462,sgkbxappxfxbcmxplanningyear,58463,99.9111338972913
463,descriptionlogging,58463,99.9111338972913
464,keyuser,58463,99.9111338972913
465,sgkbxappxfxbcmnexttesttyp,58464,99.91284286080491
466,ssosupport,58464,99.91284286080491
467,technicalteam,58464,99.91284286080491
468,agileprocess,58465,99.91455182431855
469,codeversionmgt,58465,99.91455182431855
470,po_progressreporting,58465,99.91455182431855
471,sgkbxappxfxbcmnexttestdate,58465,99.91455182431855
472,sgkbxappxfxencryptdataxkeymanage,58465,99.91455182431855
473,sgkbxappxfxpcidssxcardidxpanproxytype,58465,99.91455182431855
474,sgkbxappxfxpcidssxcardidxpanusage,58465,99.91455182431855
475,sgkbxappxfxpcidssxcardmatching,58465,99.91455182431855
476,ssodescription,58465,99.91455182431855
477,bcmclassification,58466,99.91626078783217
478,cloudexcelablagelink,58466,99.91626078783217
479,sgkbxappxfxpcidssxcardidxpanproxy,58466,99.91626078783217
480,sgkbxappxfxbcmlasttesttype,58467,99.91796975134581
481,externalapplicationfeatures,58468,99.91967871485944
482,internalapplicationfeatures,58468,99.91967871485944
483,networkaccess,58468,99.91967871485944
484,persinforetentiontime,58468,99.91967871485944
485,hostinglocation,58469,99.92138767837307
486,systemlink,58469,99.92138767837307
487,scope_group,58469,99.92138767837307
488,bereitstellung,58470,99.9230966418867
489,onetrustid,58470,99.9230966418867
490,whitespot,58470,99.9230966418867
491,po_phaseoutrisks,58471,99.92480560540032
492,casaablagelink,58474,99.92993249594122
493,lxaitype,58474,99.92993249594122
494,coreadditionalapplication,58475,99.93164145945485
495,numberofdevelopers,58475,99.93164145945485
496,piicontained,58475,99.93164145945485
497,sgkbxappxfxsecinspectxcycle,58475,99.93164145945485
498,erfuellungrtoneu,58476,99.93335042296847
499,subtypshs,58476,99.93335042296847
500,erfuellungrto,58478,99.93676834999573
501,externaldatatransferstorage,58478,99.93676834999573
502,sgkbxappxtechxinventarxiksxtodo,58478,99.93676834999573
503,sendtoonetrust,58478,99.93676834999573
504,sgkbxappxslaxsupporthoursremarks,58479,99.93847731350935
505,loesungszeitenslahosting,58480,99.94018627702299
506,prioritaetenslahosting,58480,99.94018627702299
507,rpokatastrophe,58480,99.94018627702299
508,rpooperationell,58480,99.94018627702299
509,rtokatastrophe,58480,99.94018627702299
510,rtooperationell,58480,99.94018627702299
511,reaktionszeitenslahosting,58480,99.94018627702299
512,supportzeitenslahosting,58480,99.94018627702299
513,sgkbxappxslaxavailbility,58481,99.94189524053661
514,storageservice,58481,99.94189524053661
515,sladetailslink4,58481,99.94189524053661
516,executiondate,58482,99.94360420405025
517,programmiersprache,58482,99.94360420405025
518,sgkbxappxfxlogremarks,58482,99.94360420405025
519,sgkbxappxfxpcidssxcardmatchingid,58482,99.94360420405025
520,assessmenturl,58482,99.94360420405025
521,applicationimplementationprovider,58483,99.94531316756388
522,legalbasis,58483,99.94531316756388
523,commentmastersource,58484,99.9470221310775
524,fm,58484,99.9470221310775
525,descriptionsso,58484,99.9470221310775
526,sgkbxappxfxpcidssxcardnumbermask,58485,99.94873109459112
527,public,58486,99.95044005810476
528,sgkb_app_id,58488,99.95385798513202
529,sgkbxappxkritklassxopriskxremark,58488,99.95385798513202
530,cloudready,58488,99.95385798513202
531,hostingregion,58488,99.95385798513202
532,hostingsite,58488,99.95385798513202
533,singlesignonstatus,58489,99.95556694864564
534,sladetailslink5,58489,99.95556694864564
535,contactemailaddress,58490,99.95727591215928
536,contactname,58490,99.95727591215928
537,sgkb_app_produkt_id,58490,99.95727591215928
538,persinfoextdisclosurepurpose,58490,99.95727591215928
539,hostingslad3dokument,58491,99.95898487567291
540,lxactiveusers,58491,99.95898487567291
541,maintenancecost,58491,99.95898487567291
542,contactrole,58493,99.96240280270017
543,poc,58493,99.96240280270017
544,riskdimensions,58493,99.96240280270017
545,resourcedocumentationurl,58494,99.96411176621379
546,strategicrelationship,58494,99.96411176621379
547,lxyeartodate,58494,99.96411176621379
548,builddeploymentautomation,58495,99.96582072972741
549,identifiabledata,58495,99.96582072972741
550,notescoopworkflow,58495,99.96582072972741
551,sekhostingtype,58495,99.96582072972741
552,applicationdevelopmenttype,58495,99.96582072972741
553,testautomation,58499,99.97265658378194
554,vpn_compatibility,58499,99.97265658378194
555,vpn_integrated,58499,99.97265658378194
556,securitycontactphone,58499,99.97265658378194
557,securitytestautomation,58500,99.97436554729556
558,lxaitaxonomydescription,58500,99.97436554729556
559,loesungszeitenservicepartner,58501,99.9760745108092
560,prioritaetenservicepartner,58501,99.9760745108092
561,reaktionszeitenservicepartner,58501,99.9760745108092
562,supportzeitenservicepartner,58501,99.9760745108092
563,sladetailslink1,58501,99.9760745108092
564,measures,58502,99.97778347432282
565,riskdescription,58502,99.97778347432282
566,lxspendmonth,58502,99.97778347432282
567,furthercontactdetails,58503,99.97949243783644
568,genainote,58503,99.97949243783644
569,windows11compliant,58503,99.97949243783644
570,qualityindicator,58504,99.98120140135008
571,regulations,58504,99.98120140135008
572,sgkbxappxfxcertificateinfo,58504,99.98120140135008
573,sgkbxappxfxtestxremarks,58504,99.98120140135008
574,processingpurpose,58504,99.98120140135008
575,committedphaseoutyear,58505,99.98291036486371
576,e360implementedby,58505,99.98291036486371
577,g_apg_lastupdate,58505,99.98291036486371
578,pseudonymizeddata,58505,99.98291036486371
579,servicepartnerslad3dokument,58505,99.98291036486371
580,adonisapplication,58505,99.98291036486371
581,anonymizeddata,58506,99.98461932837735
582,g_apg_deeplink,58506,99.98461932837735
583,g_apg_lastupdateby,58506,99.98461932837735
584,supportcost,58506,99.98461932837735
585,apiavailability,58507,99.98632829189097
586,availableascontainer,58507,99.98632829189097
587,contractenddate,58507,99.98632829189097
588,g_apg_complianceinpercent,58507,99.98632829189097
589,g_apg_needforaction,58507,99.98632829189097
590,horizontalscalability,58507,99.98632829189097
591,opseffort,58507,99.98632829189097
592,otherdatadescription,58507,99.98632829189097
593,verticalscalability,58507,99.98632829189097
594,workloadvolumes,58507,99.98632829189097
595,hidden,58507,99.98632829189097
596,e360qualityconfirmation,58508,99.98803725540459
597,exposingaservice,58508,99.98803725540459
598,integrity1,58508,99.98803725540459
599,piid,58508,99.98803725540459
600,swanbietersurveyerledigt,58508,99.98803725540459
601,serviceexposedtointernet,58508,99.98803725540459
602,confluence_link,58508,99.98803725540459
603,prioritytime,58508,99.98803725540459
604,sladetailslink2,58508,99.98803725540459
605,al,58509,99.98974621891823
606,betriebssystem,58509,99.98974621891823
607,csa,58509,99.98974621891823
608,customer_rating,58509,99.98974621891823
609,db,58509,99.98974621891823
610,plannedadintegration,58509,99.98974621891823
611,rponew,58509,99.98974621891823
612,rtooutsidebusinesshoursnew,58509,99.98974621891823
613,sgkbxappxdeploymentxremarks,58509,99.98974621891823
614,entscheidsgo,58509,99.98974621891823
615,lxaisecuritycheck,58509,99.98974621891823
616,detailslifecycle,58510,99.99145518243185
617,developmentlanguages,58510,99.99145518243185
618,effortarchitecturechange,58510,99.99145518243185
619,is21cfrpart11,58510,99.99145518243185
620,layer21,58510,99.99145518243185
621,systemtype,58510,99.99145518243185
622,description_iam,58510,99.99145518243185
623,massnahmensecuritygo,58510,99.99145518243185
624,dataavailabilitylabel,58511,99.99316414594549
625,dataintegritylabel,58511,99.99316414594549
626,datasovereignty,58511,99.99316414594549
627,datenschutzklassifikation,58511,99.99316414594549
628,e360aicategory,58511,99.99316414594549
629,electronicsignature,58511,99.99316414594549
630,encryptionintransit,58511,99.99316414594549
631,framework,58511,99.99316414594549
632,il,58511,99.99316414594549
633,pid,58511,99.99316414594549
634,sgkb_external_id,58511,99.99316414594549
635,applicationofferingtype,58511,99.99316414594549
636,betroffenepersonen,58512,99.99487310945912
637,datenverarbeitungsart,58512,99.99487310945912
638,detailspersonendaten,58512,99.99487310945912
639,encryptionatrest,58512,99.99487310945912
640,itsmblackbox,58512,99.99487310945912
641,maxdataretentiontime,58512,99.99487310945912
642,mindataretentiontime,58512,99.99487310945912
643,remediationaction,58512,99.99487310945912
644,sgkbxappxfxsecinspectxnext,58512,99.99487310945912
645,wave,58512,99.99487310945912
646,ai_description,58512,99.99487310945912
647,sladetailslink6,58512,99.99487310945912
648,tcoyear,58512,99.99487310945912
649,complexityconfiguration,58513,99.99658207297274
650,e360aiusageinstruction,58513,99.99658207297274
651,finaldecision,58513,99.99658207297274
652,g_dfa_assessment_status,58513,99.99658207297274
653,g_dfa_lastupdate,58513,99.99658207297274
654,g_dfa_openmeasures,58513,99.99658207297274
655,massnahmen,58513,99.99658207297274
656,sgkbxappxfxsecinspectxlast,58513,99.99658207297274
657,sgkbxappxfxsecinspectxlastxtyp,58513,99.99658207297274
658,storagecontainssenstivedata,58513,99.99658207297274
659,testpre,58513,99.99658207297274
660,urltoapp,58513,99.99658207297274
661,contractrenewal,58513,99.99658207297274
662,lxaicategory,58513,99.99658207297274
663,sladetailslink3,58513,99.99658207297274
664,zutrittskontolle,58513,99.99658207297274
665,alc,58514,99.99829103648638
666,auslandtransfer,58514,99.99829103648638
667,cost,58514,99.99829103648638
668,cybersecurityrating,58514,99.99829103648638
669,enterprisearchitect,58514,99.99829103648638
670,g_apg_assessment_status,58514,99.99829103648638
671,g_aws_assessment_status,58514,99.99829103648638
672,g_aws_openmeasures,58514,99.99829103648638
673,g_tpp_assessment_status,58514,99.99829103648638
674,g_tpp_lastupdate,58514,99.99829103648638
675,g_tpp_openmeasures,58514,99.99829103648638
676,infosecreview,58514,99.99829103648638
677,lukbxfxcompletenessfachspezialist,58514,99.99829103648638
678,links,58514,99.99829103648638
679,mandatoryattribute,58514,99.99829103648638
680,personendatenart2,58514,99.99829103648638
681,profiling,58514,99.99829103648638
682,purpose,58514,99.99829103648638
683,renew_date,58514,99.99829103648638
684,sgkbxappxfxsecinspectxnextxtyp,58514,99.99829103648638
685,sgkbxappxtechxinventarxiksxnamespaces,58514,99.99829103648638
686,start_date,58514,99.99829103648638
687,storagedetail,58514,99.99829103648638
688,storagename,58514,99.99829103648638
689,stratreloc,58514,99.99829103648638
690,targethostingtype,58514,99.99829103648638
691,aktiveverarbeitung,58514,99.99829103648638
692,automatisierteentscheide,58514,99.99829103648638
693,confirmation_sk3092_05,58514,99.99829103648638
694,esgdatatype,58514,99.99829103648638
695,hostingcost,58514,99.99829103648638
696,integritytype,58514,99.99829103648638
697,internetexposure,58514,99.99829103648638
698,l2,58514,99.99829103648638
699,license_entitlements,58514,99.99829103648638
700,number_assigned,58514,99.99829103648638
701,persojanein,58514,99.99829103648638
702,reasonforprio,58514,99.99829103648638
703,softwarecost,58514,99.99829103648638
704,test1,58514,99.99829103648638
705,total_number_available,58514,99.99829103648638
706,zugangskontrolle,58514,99.99829103648638
